{
  "project_info": {
    "project_number": "61419119282",
    "firebase_url": "https://fullfirebasebackend.firebaseio.com",
    "project_id": "fullfirebasebackend",
    "storage_bucket": "fullfirebasebackend.appspot.com"
  },
  "client": [
    {
      "client_info": {
        "mobilesdk_app_id": "1:61419119282:android:a4b79fb8aa703637d6dfab",
        "android_client_info": {
          "package_name": "com.example.fr"
        }
      },
      "oauth_client": [
        {
          "client_id": "61419119282-0hqj57oduk31dhj132epfkvui9gfnqjc.apps.googleusercontent.com",
          "client_type": 3
        }
      ],
      "api_key": [
        {
          "current_key": "AIzaSyDMyM0m4go33qGGiSiT__Nell3-6wZY0bA"
        }
      ],
      "services": {
        "appinvite_service": {
          "other_platform_oauth_client": [
            {
              "client_id": "61419119282-0hqj57oduk31dhj132epfkvui9gfnqjc.apps.googleusercontent.com",
              "client_type": 3
            }
          ]
        }
      }
    }
  ],
  "configuration_version": "1"
}